{
    "0": {
        "W": 2832,
        "H": 2128,
        "R": [
            [
                0.9698800374693026,
                0.08567776779023098,
                0.22801761560254336
            ],
            [
                0.08295709371948604,
                -0.9963210025998681,
                0.021507681883808055
            ],
            [
                0.22902146956170372,
                -0.001944192604125209,
                -0.9734194299452588
            ]
        ],
        "t": [
            -1.4328331075646283,
            -2.6720716358382304,
            -13.071249166018442
        ],
        "E": [
            [
                0.9698800374693026,
                0.08567776779023098,
                0.22801761560254336,
                -1.4328331075646283
            ],
            [
                0.08295709371948604,
                -0.9963210025998681,
                0.021507681883808055,
                -2.6720716358382304
            ],
            [
                0.22902146956170372,
                -0.001944192604125209,
                -0.9734194299452588,
                -13.071249166018442
            ]
        ],
        "K": [
            [
                2910.22401493,
                0.0,
                1416.0
            ],
            [
                0.0,
                2910.22401493,
                1064.0
            ],
            [
                0.0,
                0.0,
                1.0
            ]
        ]
    },
    "1": {
        "W": 2832,
        "H": 2128,
        "R": [
            [
                0.9543474845196541,
                -0.011614348916772672,
                -0.2984727553567468
            ],
            [
                -0.011319749596917901,
                -0.9999322415988339,
                0.002715783532335048
            ],
            [
                -0.2984840733775791,
                0.0007868356695566413,
                -0.9544142909814152
            ]
        ],
        "t": [
            43.50383725728775,
            -2.876990997928754,
            -14.491275326085141
        ],
        "E": [
            [
                0.9543474845196541,
                -0.011614348916772672,
                -0.2984727553567468,
                43.50383725728775
            ],
            [
                -0.011319749596917901,
                -0.9999322415988339,
                0.002715783532335048,
                -2.876990997928754
            ],
            [
                -0.2984840733775791,
                0.0007868356695566413,
                -0.9544142909814152,
                -14.491275326085141
            ]
        ],
        "K": [
            [
                2910.22401493,
                0.0,
                1416.0
            ],
            [
                0.0,
                2910.22401493,
                1064.0
            ],
            [
                0.0,
                0.0,
                1.0
            ]
        ]
    },
    "2": {
        "W": 2832,
        "H": 2128,
        "R": [
            [
                0.7393114870190968,
                0.13720023118525715,
                0.6592379098054401
            ],
            [
                0.1650927803290333,
                -0.9860737025910611,
                0.020075530917070726
            ],
            [
                0.6528115340932351,
                0.0939933488130128,
                -0.751666383001168
            ]
        ],
        "t": [
            -37.44623043866143,
            1.082315966302963,
            -3.0024596030413946
        ],
        "E": [
            [
                0.7393114870190968,
                0.13720023118525715,
                0.6592379098054401,
                -37.44623043866143
            ],
            [
                0.1650927803290333,
                -0.9860737025910611,
                0.020075530917070726,
                1.082315966302963
            ],
            [
                0.6528115340932351,
                0.0939933488130128,
                -0.751666383001168,
                -3.0024596030413946
            ]
        ],
        "K": [
            [
                2910.22401493,
                0.0,
                1416.0
            ],
            [
                0.0,
                2910.22401493,
                1064.0
            ],
            [
                0.0,
                0.0,
                1.0
            ]
        ]
    },
    "3": {
        "W": 2832,
        "H": 2128,
        "R": [
            [
                0.8314181429623293,
                0.13553576672206488,
                0.5388635518312535
            ],
            [
                0.15406774489364175,
                -0.9880013599332571,
                0.010790864350292681
            ],
            [
                0.5338604701010552,
                0.07404977183692538,
                -0.8423239458512597
            ]
        ],
        "t": [
            -28.30153682126901,
            0.05600513682064459,
            -3.0235837781900603
        ],
        "E": [
            [
                0.8314181429623293,
                0.13553576672206488,
                0.5388635518312535,
                -28.30153682126901
            ],
            [
                0.15406774489364175,
                -0.9880013599332571,
                0.010790864350292681,
                0.05600513682064459
            ],
            [
                0.5338604701010552,
                0.07404977183692538,
                -0.8423239458512597,
                -3.0235837781900603
            ]
        ],
        "K": [
            [
                2910.22401493,
                0.0,
                1416.0
            ],
            [
                0.0,
                2910.22401493,
                1064.0
            ],
            [
                0.0,
                0.0,
                1.0
            ]
        ]
    },
    "4": {
        "W": 2832,
        "H": 2128,
        "R": [
            [
                0.8749684295425499,
                0.10946809691005124,
                0.4716428554136006
            ],
            [
                0.13575665556541613,
                -0.9904989266432795,
                -0.02195465299659424
            ],
            [
                0.46475840796428414,
                0.08323828492586523,
                -0.8815163130362738
            ]
        ],
        "t": [
            -17.904395497377852,
            -1.0769950626589755,
            -7.004557513530644
        ],
        "E": [
            [
                0.8749684295425499,
                0.10946809691005124,
                0.4716428554136006,
                -17.904395497377852
            ],
            [
                0.13575665556541613,
                -0.9904989266432795,
                -0.02195465299659424,
                -1.0769950626589755
            ],
            [
                0.46475840796428414,
                0.08323828492586523,
                -0.8815163130362738,
                -7.004557513530644
            ]
        ],
        "K": [
            [
                2910.22401493,
                0.0,
                1416.0
            ],
            [
                0.0,
                2910.22401493,
                1064.0
            ],
            [
                0.0,
                0.0,
                1.0
            ]
        ]
    },
    "5": {
        "W": 2832,
        "H": 2128,
        "R": [
            [
                0.7020182613170949,
                0.21600308060112725,
                0.6786111036141826
            ],
            [
                0.15238863987244136,
                -0.9763840974757664,
                0.15313979441766695
            ],
            [
                0.6956637572961979,
                -0.0040943091335244736,
                -0.7183558821486404
            ]
        ],